{
    "Version" : "2",
    "Triggers": {},
    "RobotName": "SardorNotes",
    "Schedules": [],
    "GenericSettings": {
        "CredentialId": "rpa",
        "WorkerLabel": "rpalinux || rpawindows",
        "Variables": [
            {
                "type": "stringParam",
                "name": "RERUNID",
                "value": "",
                "desc": "Optional parameter: If re-run execution id is known, otherwise leave empty as default"
            }
        ]
    }
}